{
  "transactions": [
    {
      "id": "443e8d08-23c4-4ca7-801d-2f774c611c9e",
      "type": "BUY",
      "asset": "IHT",
      "date": "2024-05-14",
      "amount": 2696,
      "amountGram": 2696,
      "priceTRY": 2.967,
      "usdRate": 32.25,
      "totalTRY": 7999.032,
      "totalUSD": 248.032,
      "priceUSD": 0.092
    },
    {
      "id": "49d618ab-0589-4999-a827-9c7beb72b012",
      "type": "BUY",
      "asset": "IHT",
      "date": "2024-03-04",
      "amount": 5945,
      "amountGram": 5945,
      "priceTRY": 2.798,
      "usdRate": 31.527,
      "totalTRY": 16634.11,
      "totalUSD": 527.614742918768,
      "priceUSD": 0.08874932597456149
    },
    {
      "id": "c2b4d35e-ddc8-4961-8d54-734eca46a9e8",
      "type": "BUY",
      "asset": "IHT",
      "date": "2023-10-03",
      "amount": 7800,
      "amountGram": 7800,
      "priceTRY": 2.82,
      "usdRate": 27.499,
      "totalTRY": 21996,
      "totalUSD": 799.8836321320775,
      "priceUSD": 0.1025491836066766
    },
    {
      "id": "8026f884-ed2b-4b5d-9ddc-1c836dca4391",
      "type": "BUY",
      "asset": "IHT",
      "date": "2023-08-01",
      "amount": 6306,
      "amountGram": 6306,
      "priceTRY": 2.164,
      "usdRate": 26.965,
      "totalTRY": 13646.184000000001,
      "totalUSD": 506.07023919896164,
      "priceUSD": 0.08025217875023179
    },
    {
      "id": "8b3a44a3-6a93-43aa-81d6-c2136081c410",
      "type": "BUY",
      "asset": "IHT",
      "date": "2023-05-03",
      "amount": 10952,
      "amountGram": 10952,
      "priceTRY": 1.3695,
      "usdRate": 19.4748,
      "totalTRY": 14998.764,
      "totalUSD": 770.1626717604289,
      "priceUSD": 0.07032164643539343
    },
    {
      "id": "68e9b022-fa21-45b6-aed3-cb963d45ce0a",
      "type": "BUY",
      "asset": "TI2",
      "date": "2025-03-19",
      "amount": 1252866,
      "amountGram": 1252866,
      "priceTRY": 0.108551,
      "usdRate": 37.992,
      "totalTRY": 135999.857166,
      "totalUSD": 3579.697230101074,
      "priceUSD": 0.0028572067803748157
    },
    {
      "id": "f869f477-fea8-470b-a298-1daf981aa8c7",
      "type": "BUY",
      "asset": "TI1",
      "date": "2025-11-28",
      "amount": 47,
      "amountGram": 47,
      "priceTRY": 1267.314,
      "usdRate": 42.496,
      "totalTRY": 59563.758,
      "totalUSD": 1401.6321065512047,
      "priceUSD": 29.82195971385542
    },
    {
      "id": "2e74674f-6f95-49d5-b76d-d829b806871a",
      "type": "BUY",
      "asset": "TI1",
      "date": "2025-11-10",
      "amount": 60,
      "amountGram": 60,
      "priceTRY": 1244.1,
      "usdRate": 42.225,
      "totalTRY": 74646,
      "totalUSD": 1767.8152753108347,
      "priceUSD": 29.463587921847243
    },
    {
      "id": "5bee61e1-cbc9-460b-bcfd-de25c5a4dd51",
      "type": "BUY",
      "asset": "TI1",
      "date": "2025-10-31",
      "amount": 14,
      "amountGram": 14,
      "priceTRY": 1230.898,
      "usdRate": 42.049,
      "totalTRY": 17232.572,
      "totalUSD": 409.82120858997837,
      "priceUSD": 29.27294347071274
    },
    {
      "id": "cdb494e3-9395-4c98-842d-6a5820d9e2ef",
      "type": "BUY",
      "asset": "TI1",
      "date": "2025-09-30",
      "amount": 41,
      "amountGram": 41,
      "priceTRY": 1189.9658,
      "usdRate": 41.583,
      "totalTRY": 48788.597799999996,
      "totalUSD": 1173.2822980544934,
      "priceUSD": 28.616641415963255
    },
    {
      "id": "fbfdd45e-dbbc-4b55-b9f4-7dab39a8002f",
      "type": "BUY",
      "asset": "FSF",
      "date": "2025-07-07",
      "amount": 33501,
      "amountGram": 33501,
      "priceTRY": 4.462,
      "usdRate": 40,
      "totalTRY": 149481.462,
      "totalUSD": 3737.03655,
      "priceUSD": 0.11155
    },
    {
      "id": "3e1b106b-dcc7-43f2-92f5-100b726da9ee",
      "type": "BUY",
      "asset": "FSF",
      "date": "2025-07-01",
      "amount": 5525,
      "amountGram": 5525,
      "priceTRY": 4.4294,
      "usdRate": 39.854,
      "totalTRY": 24472.435,
      "totalUSD": 614.0521654037236,
      "priceUSD": 0.11114066342148844
    },
    {
      "id": "a8b9aad4-4188-487b-821b-71328875e31d",
      "type": "BUY",
      "asset": "FSF",
      "date": "2025-04-28",
      "amount": 25856,
      "amountGram": 25856,
      "priceTRY": 4.0811,
      "usdRate": 38.444,
      "totalTRY": 105520.9216,
      "totalUSD": 2744.795588388305,
      "priceUSD": 0.10615700759546352
    },
    {
      "id": "f26695e2-2477-44b4-bcf3-7b2533459c62",
      "type": "BUY",
      "asset": "FBV",
      "date": "2025-03-19",
      "amount": 15547,
      "amountGram": 15547,
      "priceTRY": 4.9613,
      "usdRate": 37.992,
      "totalTRY": 77133.3311,
      "totalUSD": 2030.251924089282,
      "priceUSD": 0.1305880185302169
    },
    {
      "id": "66b77a69-6284-4b63-a208-b9d170f4ebf7",
      "type": "BUY",
      "asset": "IOG",
      "date": "2025-11-03",
      "amount": 1562,
      "amountGram": 1562,
      "priceTRY": 9.598,
      "usdRate": 42.048,
      "totalTRY": 14992.076000000001,
      "totalUSD": 356.5467085235921,
      "priceUSD": 0.2282629375951294
    },
    {
      "id": "ae641579-9881-4aed-b0d6-b947b013ece8",
      "type": "BUY",
      "asset": "IOG",
      "date": "2025-09-09",
      "amount": 513,
      "amountGram": 513,
      "priceTRY": 7.8913,
      "usdRate": 41.275,
      "totalTRY": 4048.2369,
      "totalUSD": 98.07963416111447,
      "priceUSD": 0.1911883706844337
    },
    {
      "id": "0863da96-2564-4c58-9ef1-94691e4d3df1",
      "type": "BUY",
      "asset": "IOG",
      "date": "2025-09-01",
      "amount": 2164,
      "amountGram": 2164,
      "priceTRY": 7.6157,
      "usdRate": 41.115,
      "totalTRY": 16480.3748,
      "totalUSD": 400.83606469658275,
      "priceUSD": 0.18522923507235803
    },
    {
      "id": "3f7407e9-eedd-41f6-b6ae-379e59eec677",
      "type": "BUY",
      "asset": "TTRAK",
      "date": "2025-11-14",
      "amount": 2,
      "amountGram": 2,
      "priceTRY": 739.501,
      "usdRate": 42.33,
      "totalTRY": 1479.002,
      "totalUSD": 34.93980628395937,
      "priceUSD": 17.469903141979685
    },
    {
      "id": "97b4ed65-d5c6-4409-8fba-02d35fbbcc68",
      "type": "BUY",
      "asset": "TTRAK",
      "date": "2024-07-29",
      "amount": 25,
      "amountGram": 25,
      "priceTRY": 796,
      "usdRate": 33.013,
      "totalTRY": 19900,
      "totalUSD": 602.7928391845637,
      "priceUSD": 24.111713567382548
    },
    {
      "id": "aecb19b7-0e43-4029-a329-d162bed7a9d6",
      "type": "BUY",
      "asset": "TTRAK",
      "date": "2024-07-05",
      "amount": 22,
      "amountGram": 22,
      "priceTRY": 905.5,
      "usdRate": 32.711,
      "totalTRY": 19921,
      "totalUSD": 609.000030570756,
      "priceUSD": 27.681819571398
    },
    {
      "id": "7a6a5267-c595-4fee-889f-c05db63d70de",
      "type": "BUY",
      "asset": "TTRAK",
      "date": "2024-06-28",
      "amount": 5,
      "amountGram": 5,
      "priceTRY": 919,
      "usdRate": 32.87,
      "totalTRY": 4595,
      "totalUSD": 139.79312442957104,
      "priceUSD": 27.958624885914208
    },
    {
      "id": "e590adc2-bc71-47d1-84b9-333133966d00",
      "type": "BUY",
      "asset": "TTRAK",
      "date": "2024-06-14",
      "amount": 8,
      "amountGram": 8,
      "priceTRY": 931.501,
      "usdRate": 32.644,
      "totalTRY": 7452.008,
      "totalUSD": 228.28109300330843,
      "priceUSD": 28.535136625413553
    },
    {
      "id": "1c89149a-1445-4af5-850b-002797c04f1f",
      "type": "BUY",
      "asset": "AKBNK",
      "date": "2025-10-08",
      "amount": 750,
      "amountGram": 750,
      "priceTRY": 59.85,
      "usdRate": 41.715,
      "totalTRY": 44887.5,
      "totalUSD": 1076.051779935275,
      "priceUSD": 1.4347357065803668
    },
    {
      "id": "73a93bce-a475-4be1-88ee-683c4ef9a1a1",
      "type": "BUY",
      "asset": "AKBNK",
      "date": "2025-09-18",
      "amount": 761,
      "amountGram": 761,
      "priceTRY": 65.6,
      "usdRate": 41.301,
      "totalTRY": 49921.6,
      "totalUSD": 1208.7261809641411,
      "priceUSD": 1.5883392653930895
    },
    {
      "id": "a25f75e2-7f9f-4774-8cb6-c2e8e3a2f92c",
      "type": "BUY",
      "asset": "PGSUS",
      "date": "2025-09-18",
      "amount": 110,
      "amountGram": 110,
      "priceTRY": 233.9,
      "usdRate": 41.301,
      "totalTRY": 25729,
      "totalUSD": 622.963124379555,
      "priceUSD": 5.663301130723227
    },
    {
      "id": "6110168c-7fb4-4338-b508-8169f1073551",
      "type": "BUY",
      "asset": "AFT",
      "date": "2025-11-11",
      "amount": 59964,
      "amountGram": 59964,
      "priceTRY": 0.8338,
      "usdRate": 42.235,
      "totalTRY": 49997.9832,
      "totalUSD": 1183.804503373979,
      "priceUSD": 0.019741920208357997
    },
    {
      "id": "5456171f-d1ef-4b8b-a0b8-362ebbded99a",
      "type": "BUY",
      "asset": "PIL",
      "date": "2026-01-02",
      "amount": 10325,
      "amountGram": 10325,
      "priceTRY": 3.1107,
      "usdRate": 43.028,
      "totalTRY": 32117.9775,
      "totalUSD": 746.4436529701591,
      "priceUSD": 0.0722947847912987
    },
    {
      "id": "0c86f3c8-5bfe-4feb-8cc8-6c2c55168c27",
      "type": "BUY",
      "asset": "AK2",
      "date": "2025-12-09",
      "amount": 63344,
      "amountGram": 63344,
      "priceTRY": 0.481,
      "usdRate": 42.583,
      "totalTRY": 30468.464,
      "totalUSD": 715.5076908625508,
      "priceUSD": 0.011295587440997581
    },
    {
      "id": "e23545ac-eaf0-4f73-96d0-afe51cd5b4bc",
      "type": "BUY",
      "asset": "AOY",
      "date": "2025-11-11",
      "amount": 83831,
      "amountGram": 83831,
      "priceTRY": 0.2982,
      "usdRate": 42.235,
      "totalTRY": 24998.4042,
      "totalUSD": 591.888343790695,
      "priceUSD": 0.00706049485024269
    },
    {
      "id": "9b62f15c-4dae-4559-9315-82a080f06b1b",
      "type": "BUY",
      "asset": "IUV",
      "date": "2025-08-07",
      "amount": 3207,
      "amountGram": 3207,
      "priceTRY": 52.9,
      "usdRate": 40.642,
      "totalTRY": 169650.3,
      "totalUSD": 4174.260617095615,
      "priceUSD": 1.3016091727769301
    },
    {
      "id": "8e85d0f7-dbb1-4f10-b12d-ff1a5d099a02",
      "type": "BUY",
      "asset": "IUV",
      "date": "2025-08-11",
      "amount": 3208,
      "amountGram": 3208,
      "priceTRY": 52.9,
      "usdRate": 40.704,
      "totalTRY": 169703.19999999998,
      "totalUSD": 4169.202044025157,
      "priceUSD": 1.299626572327044
    },
    {
      "id": "b22b7c19-4b4d-4849-81e9-a7d412430415",
      "type": "BUY",
      "asset": "IUV",
      "date": "2025-09-03",
      "amount": 2730,
      "amountGram": 2730,
      "priceTRY": 53.9,
      "usdRate": 41.167,
      "totalTRY": 147147,
      "totalUSD": 3574.3921101853425,
      "priceUSD": 1.3093011392620302
    },
    {
      "id": "cff030dc-3138-4d13-8064-d024044c1c81",
      "type": "BUY",
      "asset": "IUF",
      "date": "2025-10-02",
      "amount": 2968,
      "amountGram": 2968,
      "priceTRY": 57.1,
      "usdRate": 41.61,
      "totalTRY": 169472.80000000002,
      "totalUSD": 4072.8863254025478,
      "priceUSD": 1.3722662821437155
    },
    {
      "id": "8746d457-cd9f-4e8f-8570-915f033882c4",
      "type": "BUY",
      "asset": "IUF",
      "date": "2025-08-01",
      "amount": 968,
      "amountGram": 968,
      "priceTRY": 54.6,
      "usdRate": 40.668,
      "totalTRY": 52852.8,
      "totalUSD": 1299.6164060194749,
      "priceUSD": 1.3425789318383003
    },
    {
      "id": "c26945ba-b4ee-42a0-9f03-0183fb071b0c",
      "type": "BUY",
      "asset": "XPT",
      "date": "2055-12-31",
      "amount": 7.06,
      "amountGram": 7.06,
      "priceTRY": 2827.17,
      "usdRate": 43.28,
      "totalTRY": 19959.8202,
      "totalUSD": 461.1788401109057,
      "priceUSD": 65.32278188539742
    },
    {
      "id": "fde93fb8-6354-4011-a2db-b99f39bc30f4",
      "type": "BUY",
      "asset": "XPT",
      "date": "2025-11-29",
      "amount": 8.14,
      "amountGram": 8.14,
      "priceTRY": 3061.58,
      "usdRate": 42.496,
      "totalTRY": 24921.2612,
      "totalUSD": 586.4378106174698,
      "priceUSD": 72.04395707831324
    },
    {
      "id": "4706ea9f-fe4a-4243-a083-cd6f6742e83c",
      "type": "BUY",
      "asset": "XPT",
      "date": "2025-11-21",
      "amount": 25.54,
      "amountGram": 25.54,
      "priceTRY": 2082.13,
      "usdRate": 42.444,
      "totalTRY": 53177.6002,
      "totalUSD": 1252.888516633682,
      "priceUSD": 49.055932522853645
    },
    {
      "id": "89ce5f46-c00a-4333-b0ed-972d771c103c",
      "type": "BUY",
      "asset": "GBP",
      "date": "2026-01-16",
      "amount": 290,
      "amountGram": 290,
      "priceTRY": 57.88,
      "usdRate": 43.28,
      "totalTRY": 16785.2,
      "totalUSD": 387.82809611829947,
      "priceUSD": 1.3373382624768946
    },
    {
      "id": "3bf6c634-798d-4519-a452-3ac9a19ff28a",
      "type": "BUY",
      "asset": "EUR",
      "date": "2026-01-16",
      "amount": 1279,
      "amountGram": 1279,
      "priceTRY": 50.17,
      "usdRate": 43.28,
      "totalTRY": 64167.43,
      "totalUSD": 1482.6115988909426,
      "priceUSD": 1.159195933456562
    },
    {
      "id": "5dc3b393-0d69-4eb5-8783-d2371309d88e",
      "type": "BUY",
      "asset": "USD",
      "date": "2026-01-16",
      "amount": 0.22,
      "amountGram": 0.22,
      "priceTRY": 43.27,
      "usdRate": 43.28,
      "totalTRY": 9.519400000000001,
      "totalUSD": 0.21994916820702404,
      "priceUSD": 0.9997689463955638
    },
    {
      "id": "47f0230f-abef-4ae4-b5e1-faf59879d76a",
      "type": "BUY",
      "asset": "TRY",
      "date": "2026-01-16",
      "amount": 3643,
      "amountGram": 3643,
      "priceTRY": 1,
      "usdRate": 43.28,
      "totalTRY": 3643,
      "totalUSD": 84.1728280961183,
      "priceUSD": 0.02310536044362292
    },
    {
      "id": "imported_1",
      "type": "BUY",
      "date": "2018-09-14",
      "amountGram": 25.66,
      "priceTRY": 233.82,
      "usdRate": 6.17,
      "totalTRY": 5999.821199999999,
      "totalUSD": 972.4183468395461,
      "priceUSD": 37.896272285251214,
      "asset": "GOLD",
      "amount": 25.66
    },
    {
      "id": "imported_2",
      "type": "BUY",
      "date": "2018-09-28",
      "amountGram": 25.11,
      "priceTRY": 228.4,
      "usdRate": 6.06,
      "totalTRY": 5735.124,
      "totalUSD": 946.3900990099011,
      "priceUSD": 37.689768976897696,
      "asset": "GOLD",
      "amount": 25.11
    },
    {
      "id": "imported_3",
      "type": "BUY",
      "date": "2018-10-02",
      "amountGram": 8.65,
      "priceTRY": 230.62,
      "usdRate": 5.99,
      "totalTRY": 1994.863,
      "totalUSD": 333.0322203672788,
      "priceUSD": 38.5008347245409,
      "asset": "GOLD",
      "amount": 8.65
    },
    {
      "id": "imported_4",
      "type": "BUY",
      "date": "2018-11-02",
      "amountGram": 6.9,
      "priceTRY": 217.21,
      "usdRate": 5.43,
      "totalTRY": 1498.749,
      "totalUSD": 276.01270718232047,
      "priceUSD": 40.00184162062615,
      "asset": "GOLD",
      "amount": 6.9
    },
    {
      "id": "imported_5",
      "type": "BUY",
      "date": "2018-12-03",
      "amountGram": 5.79,
      "priceTRY": 207,
      "usdRate": 5.25,
      "totalTRY": 1198.53,
      "totalUSD": 228.29142857142855,
      "priceUSD": 39.42857142857143,
      "asset": "GOLD",
      "amount": 5.79
    },
    {
      "id": "imported_6",
      "type": "SELL",
      "date": "2019-01-03",
      "amountGram": 36.11,
      "priceTRY": 225.28,
      "usdRate": 5.47,
      "totalTRY": 8134.8607999999995,
      "totalUSD": 1487.1774771480805,
      "priceUSD": 41.18464351005485,
      "asset": "GOLD",
      "amount": 36.11
    },
    {
      "id": "imported_7",
      "type": "BUY",
      "date": "2019-01-07",
      "amountGram": 42.16,
      "priceTRY": 222.82,
      "usdRate": 5.38,
      "totalTRY": 9394.091199999999,
      "totalUSD": 1746.1136059479552,
      "priceUSD": 41.416356877323416,
      "asset": "GOLD",
      "amount": 42.16
    },
    {
      "id": "imported_8",
      "type": "BUY",
      "date": "2019-03-04",
      "amountGram": 7.82,
      "priceTRY": 223.61,
      "usdRate": 5.39,
      "totalTRY": 1748.6302,
      "totalUSD": 324.4211873840446,
      "priceUSD": 41.486085343228204,
      "asset": "GOLD",
      "amount": 7.82
    },
    {
      "id": "imported_9",
      "type": "BUY",
      "date": "2019-03-20",
      "amountGram": 6.52,
      "priceTRY": 229.76,
      "usdRate": 5.43,
      "totalTRY": 1498.0351999999998,
      "totalUSD": 275.88125230202576,
      "priceUSD": 42.31307550644567,
      "asset": "GOLD",
      "amount": 6.52
    },
    {
      "id": "imported_10",
      "type": "BUY",
      "date": "2019-05-31",
      "amountGram": 20.5,
      "priceTRY": 243.87,
      "usdRate": 5.84,
      "totalTRY": 4999.335,
      "totalUSD": 856.0505136986302,
      "priceUSD": 41.75856164383562,
      "asset": "GOLD",
      "amount": 20.5
    },
    {
      "id": "imported_11",
      "type": "SELL",
      "date": "2019-08-20",
      "amountGram": 3.51,
      "priceTRY": 269.04,
      "usdRate": 5.73,
      "totalTRY": 944.3304,
      "totalUSD": 164.80460732984292,
      "priceUSD": 46.952879581151834,
      "asset": "GOLD",
      "amount": 3.51
    },
    {
      "id": "imported_12",
      "type": "SELL",
      "date": "2019-11-18",
      "amountGram": 2,
      "priceTRY": 267.92,
      "usdRate": 5.73,
      "totalTRY": 535.84,
      "totalUSD": 93.51483420593368,
      "priceUSD": 46.75741710296684,
      "asset": "GOLD",
      "amount": 2
    },
    {
      "id": "imported_13",
      "type": "SELL",
      "date": "2020-02-24",
      "amountGram": 2.13,
      "priceTRY": 329.96,
      "usdRate": 6.12,
      "totalTRY": 702.8147999999999,
      "totalUSD": 114.83901960784311,
      "priceUSD": 53.91503267973856,
      "asset": "GOLD",
      "amount": 2.13
    },
    {
      "id": "imported_14",
      "type": "BUY",
      "date": "2020-05-27",
      "amountGram": 7.99,
      "priceTRY": 375.4,
      "usdRate": 6.78,
      "totalTRY": 2999.446,
      "totalUSD": 442.3961651917404,
      "priceUSD": 55.368731563421825,
      "asset": "GOLD",
      "amount": 7.99
    },
    {
      "id": "imported_15",
      "type": "BUY",
      "date": "2020-11-09",
      "amountGram": 4.05,
      "priceTRY": 491.65,
      "usdRate": 8.11,
      "totalTRY": 1991.1825,
      "totalUSD": 245.5218865598027,
      "priceUSD": 60.62268803945746,
      "asset": "GOLD",
      "amount": 4.05
    },
    {
      "id": "imported_16",
      "type": "SELL",
      "date": "2021-01-19",
      "amountGram": 34.99,
      "priceTRY": 435.13,
      "usdRate": 7.47,
      "totalTRY": 15225.1987,
      "totalUSD": 2038.1792101740295,
      "priceUSD": 58.25033467202142,
      "asset": "GOLD",
      "amount": 34.99
    },
    {
      "id": "imported_17",
      "type": "SELL",
      "date": "2021-01-21",
      "amountGram": 11.43,
      "priceTRY": 437.72,
      "usdRate": 7.37,
      "totalTRY": 5003.1396,
      "totalUSD": 678.8520488466758,
      "priceUSD": 59.3921302578019,
      "asset": "GOLD",
      "amount": 11.43
    },
    {
      "id": "imported_18",
      "type": "BUY",
      "date": "2021-03-05",
      "amountGram": 8.51,
      "priceTRY": 410.07,
      "usdRate": 7.54,
      "totalTRY": 3489.6956999999998,
      "totalUSD": 462.8243633952254,
      "priceUSD": 54.38594164456233,
      "asset": "GOLD",
      "amount": 8.51
    },
    {
      "id": "imported_19",
      "type": "BUY",
      "date": "2021-08-31",
      "amountGram": 8.78,
      "priceTRY": 482.93,
      "usdRate": 8.3,
      "totalTRY": 4240.1254,
      "totalUSD": 510.8584819277108,
      "priceUSD": 58.18433734939759,
      "asset": "GOLD",
      "amount": 8.78
    },
    {
      "id": "imported_20",
      "type": "BUY",
      "date": "2022-01-28",
      "amountGram": 8.89,
      "priceTRY": 785.08,
      "usdRate": 13.55,
      "totalTRY": 6979.361200000001,
      "totalUSD": 515.0820073800738,
      "priceUSD": 57.93948339483395,
      "asset": "GOLD",
      "amount": 8.89
    },
    {
      "id": "imported_21",
      "type": "BUY",
      "date": "2022-02-01",
      "amountGram": 6.38,
      "priceTRY": 781.02,
      "usdRate": 13.35,
      "totalTRY": 4982.9076,
      "totalUSD": 373.2515056179775,
      "priceUSD": 58.503370786516854,
      "asset": "GOLD",
      "amount": 6.38
    },
    {
      "id": "imported_22",
      "type": "BUY",
      "date": "2024-03-11",
      "amountGram": 4.87,
      "priceTRY": 2319,
      "usdRate": 32.04,
      "totalTRY": 11293.53,
      "totalUSD": 352.48220973782776,
      "priceUSD": 72.37827715355806,
      "asset": "GOLD",
      "amount": 4.87
    },
    {
      "id": "imported_23",
      "type": "BUY",
      "date": "2024-04-01",
      "amountGram": 3.92,
      "priceTRY": 2423.47,
      "usdRate": 32.26,
      "totalTRY": 9500.0024,
      "totalUSD": 294.4824054556727,
      "priceUSD": 75.12306261624302,
      "asset": "GOLD",
      "amount": 3.92
    },
    {
      "id": "imported_24",
      "type": "BUY",
      "date": "2024-04-30",
      "amountGram": 4.07,
      "priceTRY": 2456,
      "usdRate": 32.4,
      "totalTRY": 9995.92,
      "totalUSD": 308.51604938271606,
      "priceUSD": 75.80246913580247,
      "asset": "GOLD",
      "amount": 4.07
    },
    {
      "id": "imported_25",
      "type": "BUY",
      "date": "2024-12-31",
      "amountGram": 6.67,
      "priceTRY": 2997.71,
      "usdRate": 35.36,
      "totalTRY": 19994.7257,
      "totalUSD": 565.4616996606335,
      "priceUSD": 84.77686651583711,
      "asset": "GOLD",
      "amount": 6.67
    },
    {
      "id": "imported_26",
      "type": "BUY",
      "date": "2025-01-06",
      "amountGram": 9.05,
      "priceTRY": 3015.44,
      "usdRate": 35.34,
      "totalTRY": 27289.732000000004,
      "totalUSD": 772.2052065647991,
      "priceUSD": 85.32654216185625,
      "asset": "GOLD",
      "amount": 9.05
    },
    {
      "id": "imported_27",
      "type": "BUY",
      "date": "2025-02-28",
      "amountGram": 11.83,
      "priceTRY": 3383,
      "usdRate": 36.4,
      "totalTRY": 40020.89,
      "totalUSD": 1099.4750000000001,
      "priceUSD": 92.93956043956044,
      "asset": "GOLD",
      "amount": 11.83
    },
    {
      "id": "imported_28",
      "type": "BUY",
      "date": "2025-03-03",
      "amountGram": 4.42,
      "priceTRY": 3389,
      "usdRate": 36.44,
      "totalTRY": 14979.38,
      "totalUSD": 411.069703622393,
      "priceUSD": 93.00219538968167,
      "asset": "GOLD",
      "amount": 4.42
    },
    {
      "id": "imported_29",
      "type": "BUY",
      "date": "2025-04-27",
      "amountGram": 18.32,
      "priceTRY": 4085.68,
      "usdRate": 38.44,
      "totalTRY": 74849.65759999999,
      "totalUSD": 1947.1815192507804,
      "priceUSD": 106.28720083246618,
      "asset": "GOLD",
      "amount": 18.32
    },
    {
      "id": "imported_30",
      "type": "BUY",
      "date": "2025-04-28",
      "amountGram": 1.22,
      "priceTRY": 4087.45,
      "usdRate": 38.44,
      "totalTRY": 4986.688999999999,
      "totalUSD": 129.72656087408947,
      "priceUSD": 106.33324661810614,
      "asset": "GOLD",
      "amount": 1.22
    },
    {
      "id": "imported_31",
      "type": "BUY",
      "date": "2025-04-30",
      "amountGram": 12.69,
      "priceTRY": 4125,
      "usdRate": 38.5,
      "totalTRY": 52346.25,
      "totalUSD": 1359.642857142857,
      "priceUSD": 107.14285714285714,
      "asset": "GOLD",
      "amount": 12.69
    },
    {
      "id": "imported_32",
      "type": "BUY",
      "date": "2025-05-03",
      "amountGram": 7.35,
      "priceTRY": 4073,
      "usdRate": 38.46,
      "totalTRY": 29936.55,
      "totalUSD": 778.3814352574103,
      "priceUSD": 105.90223608944358,
      "asset": "GOLD",
      "amount": 7.35
    },
    {
      "id": "imported_33",
      "type": "BUY",
      "date": "2025-06-30",
      "amountGram": 0.59,
      "priceTRY": 4216.49,
      "usdRate": 39.83,
      "totalTRY": 2487.7290999999996,
      "totalUSD": 62.45867687672608,
      "priceUSD": 105.86216419784083,
      "asset": "GOLD",
      "amount": 0.59
    },
    {
      "id": "imported_34",
      "type": "BUY",
      "date": "2025-10-29",
      "amountGram": 1.82,
      "priceTRY": 5464.82,
      "usdRate": 42.03,
      "totalTRY": 9945.9724,
      "totalUSD": 236.63983821080183,
      "priceUSD": 130.02188912681416,
      "asset": "GOLD",
      "amount": 1.82
    },
    {
      "id": "imported_35",
      "type": "BUY",
      "date": "2025-10-30",
      "amountGram": 0.22,
      "priceTRY": 5463.31,
      "usdRate": 42.03,
      "totalTRY": 1201.9282,
      "totalUSD": 28.59691172971687,
      "priceUSD": 129.98596240780395,
      "asset": "GOLD",
      "amount": 0.22
    }
  ],
  "assetDrivers": {
    "IHT": "TRY",
    "FBV": "USD",
    "IOG": "USD",
    "AFT": "USD",
    "PIL": "USD",
    "AK2": "TRY",
    "AOY": "USD",
    "IUV": "USD",
    "IUF": "USD",
    "EUR": "USD",
    "GBP": "USD",
    "XPT": "USD",
    "USD": "USD",
    "GOLD": "USD"
  },
  "exportedAt": "2026-01-19T08:31:11.427Z",
  "version": "1.0"
}